{
  "ndvi": {
    "mean": 0.45894312858581543,
    "std": 0.14875906705856323,
    "min": -0.8746814727783203,
    "max": 0.8776774406433105
  },
  "nbr": {
    "mean": 0.3477373421192169,
    "std": 0.16812963783740997,
    "min": -0.7169042825698853,
    "max": 0.884762167930603
  },
  "ndmi": {
    "mean": 0.1580241322517395,
    "std": 0.15597806870937347,
    "min": -0.7814465165138245,
    "max": 0.8744235634803772
  },
  "stress_score": {
    "mean": 0.40277594327926636,
    "high_stress_percent": 25.592267685356074,
    "moderate_stress_percent": 47.6451538376813,
    "low_stress_percent": 26.762578476962627
  },
  "modis_change": {
    "mean": -0.009558201039711799,
    "vegetation_loss_percent": 19.60661449644453
  }
}